                  epoch,         train/box_loss,         train/cls_loss,         train/dfl_loss,   metrics/precision(B),      metrics/recall(B),       metrics/mAP50(B),    metrics/mAP50-95(B),           val/box_loss,           val/cls_loss,           val/dfl_loss,                 lr/pg0,                 lr/pg1,                 lr/pg2
                      0,                 1.3475,                 2.0245,                 1.1248,                0.99811,                    0.5,                0.52585,                0.43529,                 1.0575,                 2.8249,                0.87777,             0.00054142,             0.00054142,             0.00054142
                      1,                 1.2384,                 1.2217,                 1.0399,                0.99915,                    0.5,                0.90927,                0.64351,                 1.1421,                 2.3984,                0.94875,              0.0010917,              0.0010917,              0.0010917
                      2,                   1.21,                 1.1661,                 1.0365,                0.72525,                0.89273,                 0.9635,                0.70042,                 1.0112,                  1.241,                0.95714,              0.0016364,              0.0016364,              0.0016364
                      3,                 1.1748,                 1.0498,                 1.0292,                0.93697,                0.93083,                0.96601,                0.74016,                 1.0542,                0.80846,                0.89031,              0.0016422,              0.0016422,              0.0016422
                      4,                 1.1761,                 1.0216,                 1.0301,                0.97638,                0.94564,                0.99191,                0.82317,                0.88166,                0.66928,                0.82486,              0.0016422,              0.0016422,              0.0016422
